,image_id,prediction1,prediction2,prediction3,prediction4,prediction5
0,ID_6NEDKOYZ,new_turtle,t_id_d6aYXtor,t_id_qZ0iZYsC,new_turtle,t_id_d6aYXtor
1,ID_57QZ4S9N,new_turtle,t_id_d6aYXtor,t_id_qZ0iZYsC,new_turtle,t_id_d6aYXtor
2,ID_OCGGJS5X,new_turtle,t_id_d6aYXtor,t_id_qZ0iZYsC,new_turtle,t_id_d6aYXtor
3,ID_R2993S3S,new_turtle,t_id_d6aYXtor,t_id_qZ0iZYsC,new_turtle,t_id_d6aYXtor
4,ID_2E011NB0,new_turtle,t_id_d6aYXtor,t_id_qZ0iZYsC,new_turtle,t_id_d6aYXtor
5,ID_LV4R0TA1,new_turtle,t_id_d6aYXtor,t_id_qZ0iZYsC,new_turtle,t_id_d6aYXtor
6,ID_JW9471VU,new_turtle,t_id_d6aYXtor,t_id_qZ0iZYsC,new_turtle,t_id_d6aYXtor
7,ID_DWSI12WK,new_turtle,t_id_d6aYXtor,t_id_qZ0iZYsC,new_turtle,t_id_d6aYXtor
8,ID_OY5D7O3A,new_turtle,t_id_d6aYXtor,t_id_qZ0iZYsC,new_turtle,t_id_d6aYXtor
9,ID_UU3VOOGU,new_turtle,t_id_d6aYXtor,t_id_qZ0iZYsC,new_turtle,t_id_d6aYXtor
10,ID_ER4013V8,new_turtle,t_id_d6aYXtor,t_id_qZ0iZYsC,new_turtle,t_id_d6aYXtor
11,ID_2FKXUZ69,new_turtle,t_id_d6aYXtor,t_id_qZ0iZYsC,new_turtle,t_id_d6aYXtor
12,ID_DFT8JWF0,new_turtle,t_id_d6aYXtor,t_id_qZ0iZYsC,new_turtle,t_id_d6aYXtor
13,ID_8XLIWU92,new_turtle,t_id_d6aYXtor,t_id_qZ0iZYsC,new_turtle,t_id_d6aYXtor
14,ID_1LQK0T1J,new_turtle,t_id_d6aYXtor,t_id_qZ0iZYsC,new_turtle,t_id_d6aYXtor
15,ID_I2DNSE33,new_turtle,t_id_d6aYXtor,t_id_qZ0iZYsC,new_turtle,t_id_d6aYXtor
16,ID_KZV20GRG,new_turtle,t_id_d6aYXtor,t_id_qZ0iZYsC,new_turtle,t_id_d6aYXtor
17,ID_EDTGD7SN,new_turtle,t_id_d6aYXtor,t_id_qZ0iZYsC,new_turtle,t_id_d6aYXtor
18,ID_PGE9AHWT,new_turtle,t_id_d6aYXtor,t_id_qZ0iZYsC,new_turtle,t_id_d6aYXtor
19,ID_5YQZKK83,new_turtle,t_id_d6aYXtor,t_id_qZ0iZYsC,new_turtle,t_id_d6aYXtor
20,ID_ZAXA338I,new_turtle,t_id_d6aYXtor,t_id_qZ0iZYsC,new_turtle,t_id_d6aYXtor
21,ID_A9QSMNCB,new_turtle,t_id_d6aYXtor,t_id_qZ0iZYsC,new_turtle,t_id_d6aYXtor
22,ID_DNFEDWJO,new_turtle,t_id_d6aYXtor,t_id_qZ0iZYsC,new_turtle,t_id_d6aYXtor
23,ID_E335274F,new_turtle,t_id_d6aYXtor,t_id_qZ0iZYsC,new_turtle,t_id_d6aYXtor
24,ID_POM778KF,new_turtle,t_id_d6aYXtor,t_id_qZ0iZYsC,new_turtle,t_id_d6aYXtor
25,ID_TNT0HEPM,new_turtle,t_id_d6aYXtor,t_id_qZ0iZYsC,new_turtle,t_id_d6aYXtor
26,ID_R84YGVZ8,new_turtle,t_id_d6aYXtor,t_id_qZ0iZYsC,new_turtle,t_id_d6aYXtor
27,ID_PCA5MBU3,new_turtle,t_id_d6aYXtor,t_id_qZ0iZYsC,new_turtle,t_id_d6aYXtor
28,ID_6BNKK0QV,new_turtle,t_id_d6aYXtor,t_id_qZ0iZYsC,new_turtle,t_id_d6aYXtor
29,ID_F70ZLOJP,new_turtle,t_id_d6aYXtor,t_id_qZ0iZYsC,new_turtle,t_id_d6aYXtor
30,ID_JLCRBVZB,new_turtle,t_id_d6aYXtor,t_id_qZ0iZYsC,new_turtle,t_id_d6aYXtor
31,ID_70BAQ7Q7,new_turtle,t_id_d6aYXtor,t_id_qZ0iZYsC,new_turtle,t_id_d6aYXtor
32,ID_YQ6XLN87,new_turtle,t_id_d6aYXtor,t_id_qZ0iZYsC,new_turtle,t_id_d6aYXtor
33,ID_TPRG35AV,new_turtle,t_id_d6aYXtor,t_id_qZ0iZYsC,new_turtle,t_id_d6aYXtor
34,ID_6FG6PCS3,new_turtle,t_id_d6aYXtor,t_id_qZ0iZYsC,new_turtle,t_id_d6aYXtor
35,ID_JXT3875D,new_turtle,t_id_d6aYXtor,t_id_qZ0iZYsC,new_turtle,t_id_d6aYXtor
36,ID_YM4FBTHN,new_turtle,t_id_d6aYXtor,t_id_qZ0iZYsC,new_turtle,t_id_d6aYXtor
37,ID_7AYUMYHD,new_turtle,t_id_d6aYXtor,t_id_qZ0iZYsC,new_turtle,t_id_d6aYXtor
38,ID_PWNW1EGT,new_turtle,t_id_d6aYXtor,t_id_qZ0iZYsC,new_turtle,t_id_d6aYXtor
39,ID_XRHUU7NR,new_turtle,t_id_d6aYXtor,t_id_qZ0iZYsC,new_turtle,t_id_d6aYXtor
40,ID_59H0WYEZ,new_turtle,t_id_d6aYXtor,t_id_qZ0iZYsC,new_turtle,t_id_d6aYXtor
41,ID_O8W40A6X,new_turtle,t_id_d6aYXtor,t_id_qZ0iZYsC,new_turtle,t_id_d6aYXtor
42,ID_1G4JY42O,new_turtle,t_id_d6aYXtor,t_id_qZ0iZYsC,new_turtle,t_id_d6aYXtor
43,ID_KB0UJOVR,new_turtle,t_id_d6aYXtor,t_id_qZ0iZYsC,new_turtle,t_id_d6aYXtor
44,ID_1N91MKYS,new_turtle,t_id_d6aYXtor,t_id_qZ0iZYsC,new_turtle,t_id_d6aYXtor
45,ID_7T2Q2CFV,new_turtle,t_id_d6aYXtor,t_id_qZ0iZYsC,new_turtle,t_id_d6aYXtor
46,ID_07VVCQWI,new_turtle,t_id_d6aYXtor,t_id_qZ0iZYsC,new_turtle,t_id_d6aYXtor
47,ID_WDVXF8PS,new_turtle,t_id_d6aYXtor,t_id_qZ0iZYsC,new_turtle,t_id_d6aYXtor
48,ID_SYYRQBNC,new_turtle,t_id_d6aYXtor,t_id_qZ0iZYsC,new_turtle,t_id_d6aYXtor
49,ID_TVJPM0F8,new_turtle,t_id_d6aYXtor,t_id_qZ0iZYsC,new_turtle,t_id_d6aYXtor
50,ID_LJJ3ZB6D,new_turtle,t_id_d6aYXtor,t_id_qZ0iZYsC,new_turtle,t_id_d6aYXtor
51,ID_3YEOLJQN,new_turtle,t_id_d6aYXtor,t_id_qZ0iZYsC,new_turtle,t_id_d6aYXtor
52,ID_JUQM4S99,new_turtle,t_id_d6aYXtor,t_id_qZ0iZYsC,new_turtle,t_id_d6aYXtor
53,ID_U0VQ0M7X,new_turtle,t_id_d6aYXtor,t_id_qZ0iZYsC,new_turtle,t_id_d6aYXtor
54,ID_7H6WISFK,new_turtle,t_id_d6aYXtor,t_id_qZ0iZYsC,new_turtle,t_id_d6aYXtor
55,ID_MQ8PXZ10,new_turtle,t_id_d6aYXtor,t_id_qZ0iZYsC,new_turtle,t_id_d6aYXtor
56,ID_MD5OFAOI,new_turtle,t_id_d6aYXtor,t_id_qZ0iZYsC,new_turtle,t_id_d6aYXtor
57,ID_CLV43HLB,new_turtle,t_id_d6aYXtor,t_id_qZ0iZYsC,new_turtle,t_id_d6aYXtor
58,ID_J2NJZTGT,new_turtle,t_id_d6aYXtor,t_id_qZ0iZYsC,new_turtle,t_id_d6aYXtor
59,ID_JE1YIJ1M,new_turtle,t_id_d6aYXtor,t_id_qZ0iZYsC,new_turtle,t_id_d6aYXtor
60,ID_1LOS5KNC,new_turtle,t_id_d6aYXtor,t_id_qZ0iZYsC,new_turtle,t_id_d6aYXtor
61,ID_IEQSJSCE,new_turtle,t_id_d6aYXtor,t_id_qZ0iZYsC,new_turtle,t_id_d6aYXtor
62,ID_TRBTTCRA,new_turtle,t_id_d6aYXtor,t_id_qZ0iZYsC,new_turtle,t_id_d6aYXtor
63,ID_2MNF8AWS,new_turtle,t_id_d6aYXtor,t_id_qZ0iZYsC,new_turtle,t_id_d6aYXtor
64,ID_BF3C797F,new_turtle,t_id_d6aYXtor,t_id_qZ0iZYsC,new_turtle,t_id_d6aYXtor
65,ID_Z3RK56NE,new_turtle,t_id_d6aYXtor,t_id_qZ0iZYsC,new_turtle,t_id_d6aYXtor
66,ID_69WTSVR2,new_turtle,t_id_d6aYXtor,t_id_qZ0iZYsC,new_turtle,t_id_d6aYXtor
67,ID_R4IGBP2X,new_turtle,t_id_d6aYXtor,t_id_qZ0iZYsC,new_turtle,t_id_d6aYXtor
68,ID_OP9YV1XW,new_turtle,t_id_d6aYXtor,t_id_qZ0iZYsC,new_turtle,t_id_d6aYXtor
69,ID_TXOTG6VB,new_turtle,t_id_d6aYXtor,t_id_qZ0iZYsC,new_turtle,t_id_d6aYXtor
70,ID_1S4YR123,new_turtle,t_id_d6aYXtor,t_id_qZ0iZYsC,new_turtle,t_id_d6aYXtor
71,ID_WHHDN7KG,new_turtle,t_id_d6aYXtor,t_id_qZ0iZYsC,new_turtle,t_id_d6aYXtor
72,ID_Q3WLZRJO,new_turtle,t_id_d6aYXtor,t_id_qZ0iZYsC,new_turtle,t_id_d6aYXtor
73,ID_ECAZSLZ5,new_turtle,t_id_d6aYXtor,t_id_qZ0iZYsC,new_turtle,t_id_d6aYXtor
74,ID_ZZJTYG67,new_turtle,t_id_d6aYXtor,t_id_qZ0iZYsC,new_turtle,t_id_d6aYXtor
75,ID_AQEGFYKQ,new_turtle,t_id_d6aYXtor,t_id_qZ0iZYsC,new_turtle,t_id_d6aYXtor
76,ID_E77IKRYE,new_turtle,t_id_d6aYXtor,t_id_qZ0iZYsC,new_turtle,t_id_d6aYXtor
77,ID_UIOY0Q9L,new_turtle,t_id_d6aYXtor,t_id_qZ0iZYsC,new_turtle,t_id_d6aYXtor
78,ID_CQNTOPH8,new_turtle,t_id_d6aYXtor,t_id_qZ0iZYsC,new_turtle,t_id_d6aYXtor
79,ID_2LOWXFMR,new_turtle,t_id_d6aYXtor,t_id_qZ0iZYsC,new_turtle,t_id_d6aYXtor
80,ID_EBN0UE7O,new_turtle,t_id_d6aYXtor,t_id_qZ0iZYsC,new_turtle,t_id_d6aYXtor
81,ID_XXZ7822H,new_turtle,t_id_d6aYXtor,t_id_qZ0iZYsC,new_turtle,t_id_d6aYXtor
82,ID_ED8LZUND,new_turtle,t_id_d6aYXtor,t_id_qZ0iZYsC,new_turtle,t_id_d6aYXtor
83,ID_03QDH152,new_turtle,t_id_d6aYXtor,t_id_qZ0iZYsC,new_turtle,t_id_d6aYXtor
84,ID_IUJZ657I,new_turtle,t_id_d6aYXtor,t_id_qZ0iZYsC,new_turtle,t_id_d6aYXtor
85,ID_3MQPB5R9,new_turtle,t_id_d6aYXtor,t_id_qZ0iZYsC,new_turtle,t_id_d6aYXtor
86,ID_9LS0DBCE,new_turtle,t_id_d6aYXtor,t_id_qZ0iZYsC,new_turtle,t_id_d6aYXtor
87,ID_MQI0I6MT,new_turtle,t_id_d6aYXtor,t_id_qZ0iZYsC,new_turtle,t_id_d6aYXtor
88,ID_DPV31WY2,new_turtle,t_id_d6aYXtor,t_id_qZ0iZYsC,new_turtle,t_id_d6aYXtor
89,ID_AU7400LF,new_turtle,t_id_d6aYXtor,t_id_qZ0iZYsC,new_turtle,t_id_d6aYXtor
90,ID_3D8ZVORJ,new_turtle,t_id_d6aYXtor,t_id_qZ0iZYsC,new_turtle,t_id_d6aYXtor
91,ID_6MKCKGLE,new_turtle,t_id_d6aYXtor,t_id_qZ0iZYsC,new_turtle,t_id_d6aYXtor
92,ID_7S307EF8,new_turtle,t_id_d6aYXtor,t_id_qZ0iZYsC,new_turtle,t_id_d6aYXtor
93,ID_6731TA2L,new_turtle,t_id_d6aYXtor,t_id_qZ0iZYsC,new_turtle,t_id_d6aYXtor
94,ID_BK4Z3U4W,new_turtle,t_id_d6aYXtor,t_id_qZ0iZYsC,new_turtle,t_id_d6aYXtor
95,ID_LBMSVMTD,new_turtle,t_id_d6aYXtor,t_id_qZ0iZYsC,new_turtle,t_id_d6aYXtor
96,ID_60Q60FPW,new_turtle,t_id_d6aYXtor,t_id_qZ0iZYsC,new_turtle,t_id_d6aYXtor
97,ID_HXVSR8OT,new_turtle,t_id_d6aYXtor,t_id_qZ0iZYsC,new_turtle,t_id_d6aYXtor
98,ID_0Q97L1NV,new_turtle,t_id_d6aYXtor,t_id_qZ0iZYsC,new_turtle,t_id_d6aYXtor
99,ID_43SK0N3V,new_turtle,t_id_d6aYXtor,t_id_qZ0iZYsC,new_turtle,t_id_d6aYXtor
100,ID_BDSOU5RW,new_turtle,t_id_d6aYXtor,t_id_qZ0iZYsC,new_turtle,t_id_d6aYXtor
101,ID_34PXKPQ9,new_turtle,t_id_d6aYXtor,t_id_qZ0iZYsC,new_turtle,t_id_d6aYXtor
102,ID_O9KLA9M3,new_turtle,t_id_d6aYXtor,t_id_qZ0iZYsC,new_turtle,t_id_d6aYXtor
103,ID_X35OCXTO,new_turtle,t_id_d6aYXtor,t_id_qZ0iZYsC,new_turtle,t_id_d6aYXtor
104,ID_YZV0T1I0,new_turtle,t_id_d6aYXtor,t_id_qZ0iZYsC,new_turtle,t_id_d6aYXtor
105,ID_6VO71805,new_turtle,t_id_d6aYXtor,t_id_qZ0iZYsC,new_turtle,t_id_d6aYXtor
106,ID_PKOVEZRO,new_turtle,t_id_d6aYXtor,t_id_qZ0iZYsC,new_turtle,t_id_d6aYXtor
107,ID_P41D999E,new_turtle,t_id_d6aYXtor,t_id_qZ0iZYsC,new_turtle,t_id_d6aYXtor
108,ID_1JI7MDME,new_turtle,t_id_d6aYXtor,t_id_qZ0iZYsC,new_turtle,t_id_d6aYXtor
109,ID_KS89E8MG,new_turtle,t_id_d6aYXtor,t_id_qZ0iZYsC,new_turtle,t_id_d6aYXtor
110,ID_6Y3YAPDT,new_turtle,t_id_d6aYXtor,t_id_qZ0iZYsC,new_turtle,t_id_d6aYXtor
111,ID_VDCUI14B,new_turtle,t_id_d6aYXtor,t_id_qZ0iZYsC,new_turtle,t_id_d6aYXtor
112,ID_OUHC22DL,new_turtle,t_id_d6aYXtor,t_id_qZ0iZYsC,new_turtle,t_id_d6aYXtor
113,ID_SLC558NJ,new_turtle,t_id_d6aYXtor,t_id_qZ0iZYsC,new_turtle,t_id_d6aYXtor
114,ID_J5Q6E458,new_turtle,t_id_d6aYXtor,t_id_qZ0iZYsC,new_turtle,t_id_d6aYXtor
115,ID_5TKXIICG,new_turtle,t_id_d6aYXtor,t_id_qZ0iZYsC,new_turtle,t_id_d6aYXtor
116,ID_7Z0LH1RQ,new_turtle,t_id_d6aYXtor,t_id_qZ0iZYsC,new_turtle,t_id_d6aYXtor
117,ID_KRIKA89O,new_turtle,t_id_d6aYXtor,t_id_qZ0iZYsC,new_turtle,t_id_d6aYXtor
118,ID_NFYTIW33,new_turtle,t_id_d6aYXtor,t_id_qZ0iZYsC,new_turtle,t_id_d6aYXtor
119,ID_3B8CIJ31,new_turtle,t_id_d6aYXtor,t_id_qZ0iZYsC,new_turtle,t_id_d6aYXtor
120,ID_ONBMT5SM,new_turtle,t_id_d6aYXtor,t_id_qZ0iZYsC,new_turtle,t_id_d6aYXtor
121,ID_P3CD6Y5U,new_turtle,t_id_d6aYXtor,t_id_qZ0iZYsC,new_turtle,t_id_d6aYXtor
122,ID_LKJJRHN8,new_turtle,t_id_d6aYXtor,t_id_qZ0iZYsC,new_turtle,t_id_d6aYXtor
123,ID_W7VTWSIS,new_turtle,t_id_d6aYXtor,t_id_qZ0iZYsC,new_turtle,t_id_d6aYXtor
124,ID_HAH2WTBF,new_turtle,t_id_d6aYXtor,t_id_qZ0iZYsC,new_turtle,t_id_d6aYXtor
125,ID_5LCBZAP2,new_turtle,t_id_d6aYXtor,t_id_qZ0iZYsC,new_turtle,t_id_d6aYXtor
126,ID_SAYZJS64,new_turtle,t_id_d6aYXtor,t_id_qZ0iZYsC,new_turtle,t_id_d6aYXtor
127,ID_H4OKDWEM,new_turtle,t_id_d6aYXtor,t_id_qZ0iZYsC,new_turtle,t_id_d6aYXtor
128,ID_E0N2IYTD,new_turtle,t_id_d6aYXtor,t_id_qZ0iZYsC,new_turtle,t_id_d6aYXtor
129,ID_ET46814P,new_turtle,t_id_d6aYXtor,t_id_qZ0iZYsC,new_turtle,t_id_d6aYXtor
130,ID_76HLVBIK,new_turtle,t_id_d6aYXtor,t_id_qZ0iZYsC,new_turtle,t_id_d6aYXtor
131,ID_9LT6O99U,new_turtle,t_id_d6aYXtor,t_id_qZ0iZYsC,new_turtle,t_id_d6aYXtor
132,ID_5QHIQAT0,new_turtle,t_id_d6aYXtor,t_id_qZ0iZYsC,new_turtle,t_id_d6aYXtor
133,ID_ZVLZRL7E,new_turtle,t_id_d6aYXtor,t_id_qZ0iZYsC,new_turtle,t_id_d6aYXtor
134,ID_L7CRQKVL,new_turtle,t_id_d6aYXtor,t_id_qZ0iZYsC,new_turtle,t_id_d6aYXtor
135,ID_XSU34ZXA,new_turtle,t_id_d6aYXtor,t_id_qZ0iZYsC,new_turtle,t_id_d6aYXtor
136,ID_BX0E6402,new_turtle,t_id_d6aYXtor,t_id_qZ0iZYsC,new_turtle,t_id_d6aYXtor
137,ID_IQOM2BPB,new_turtle,t_id_d6aYXtor,t_id_qZ0iZYsC,new_turtle,t_id_d6aYXtor
138,ID_4JVJMKX5,new_turtle,t_id_d6aYXtor,t_id_qZ0iZYsC,new_turtle,t_id_d6aYXtor
139,ID_JX25R2TF,new_turtle,t_id_d6aYXtor,t_id_qZ0iZYsC,new_turtle,t_id_d6aYXtor
140,ID_UBX5CERO,new_turtle,t_id_d6aYXtor,t_id_qZ0iZYsC,new_turtle,t_id_d6aYXtor
141,ID_2W5UFKKG,new_turtle,t_id_d6aYXtor,t_id_qZ0iZYsC,new_turtle,t_id_d6aYXtor
142,ID_95ZK4TOR,new_turtle,t_id_d6aYXtor,t_id_qZ0iZYsC,new_turtle,t_id_d6aYXtor
143,ID_JJUQZWQD,new_turtle,t_id_d6aYXtor,t_id_qZ0iZYsC,new_turtle,t_id_d6aYXtor
144,ID_2WPSSNRF,new_turtle,t_id_d6aYXtor,t_id_qZ0iZYsC,new_turtle,t_id_d6aYXtor
145,ID_2NQ6H59F,new_turtle,t_id_d6aYXtor,t_id_qZ0iZYsC,new_turtle,t_id_d6aYXtor
146,ID_0D2ZIRZK,new_turtle,t_id_d6aYXtor,t_id_qZ0iZYsC,new_turtle,t_id_d6aYXtor
147,ID_GII53GFH,new_turtle,t_id_d6aYXtor,t_id_qZ0iZYsC,new_turtle,t_id_d6aYXtor
148,ID_8LG12HUL,new_turtle,t_id_d6aYXtor,t_id_qZ0iZYsC,new_turtle,t_id_d6aYXtor
149,ID_232WF17X,new_turtle,t_id_d6aYXtor,t_id_qZ0iZYsC,new_turtle,t_id_d6aYXtor
150,ID_EAGUSOYA,new_turtle,t_id_d6aYXtor,t_id_qZ0iZYsC,new_turtle,t_id_d6aYXtor
151,ID_NV5KNPOG,new_turtle,t_id_d6aYXtor,t_id_qZ0iZYsC,new_turtle,t_id_d6aYXtor
152,ID_IZ3T4U6W,new_turtle,t_id_d6aYXtor,t_id_qZ0iZYsC,new_turtle,t_id_d6aYXtor
153,ID_H940S0PQ,new_turtle,t_id_d6aYXtor,t_id_qZ0iZYsC,new_turtle,t_id_d6aYXtor
154,ID_ZLV0U44C,new_turtle,t_id_d6aYXtor,t_id_qZ0iZYsC,new_turtle,t_id_d6aYXtor
155,ID_XBG824PF,new_turtle,t_id_d6aYXtor,t_id_qZ0iZYsC,new_turtle,t_id_d6aYXtor
156,ID_2ZH1J2T1,new_turtle,t_id_d6aYXtor,t_id_qZ0iZYsC,new_turtle,t_id_d6aYXtor
157,ID_EJ3EPYNB,new_turtle,t_id_d6aYXtor,t_id_qZ0iZYsC,new_turtle,t_id_d6aYXtor
158,ID_B2F3RTAU,new_turtle,t_id_d6aYXtor,t_id_qZ0iZYsC,new_turtle,t_id_d6aYXtor
159,ID_R1QYNPSF,new_turtle,t_id_d6aYXtor,t_id_qZ0iZYsC,new_turtle,t_id_d6aYXtor
160,ID_UGMY8HBJ,new_turtle,t_id_d6aYXtor,t_id_qZ0iZYsC,new_turtle,t_id_d6aYXtor
161,ID_5SS66VD7,new_turtle,t_id_d6aYXtor,t_id_qZ0iZYsC,new_turtle,t_id_d6aYXtor
162,ID_YQKUGDZF,new_turtle,t_id_d6aYXtor,t_id_qZ0iZYsC,new_turtle,t_id_d6aYXtor
163,ID_QWKPHAXV,new_turtle,t_id_d6aYXtor,t_id_qZ0iZYsC,new_turtle,t_id_d6aYXtor
164,ID_XHR1MKHU,new_turtle,t_id_d6aYXtor,t_id_qZ0iZYsC,new_turtle,t_id_d6aYXtor
165,ID_VNUNAGBZ,new_turtle,t_id_d6aYXtor,t_id_qZ0iZYsC,new_turtle,t_id_d6aYXtor
166,ID_DP8OP0DG,new_turtle,t_id_d6aYXtor,t_id_qZ0iZYsC,new_turtle,t_id_d6aYXtor
167,ID_91E1O0FJ,new_turtle,t_id_d6aYXtor,t_id_qZ0iZYsC,new_turtle,t_id_d6aYXtor
168,ID_2AOQKU8N,new_turtle,t_id_d6aYXtor,t_id_qZ0iZYsC,new_turtle,t_id_d6aYXtor
169,ID_119JE2KG,new_turtle,t_id_d6aYXtor,t_id_qZ0iZYsC,new_turtle,t_id_d6aYXtor
170,ID_94JYBDWA,new_turtle,t_id_d6aYXtor,t_id_qZ0iZYsC,new_turtle,t_id_d6aYXtor
171,ID_BD4EG531,new_turtle,t_id_d6aYXtor,t_id_qZ0iZYsC,new_turtle,t_id_d6aYXtor
172,ID_WWLQIA9N,new_turtle,t_id_d6aYXtor,t_id_qZ0iZYsC,new_turtle,t_id_d6aYXtor
173,ID_HV0IEVV9,new_turtle,t_id_d6aYXtor,t_id_qZ0iZYsC,new_turtle,t_id_d6aYXtor
174,ID_FHH8KV7Y,new_turtle,t_id_d6aYXtor,t_id_qZ0iZYsC,new_turtle,t_id_d6aYXtor
175,ID_A37APG4Y,new_turtle,t_id_d6aYXtor,t_id_qZ0iZYsC,new_turtle,t_id_d6aYXtor
176,ID_20504SDN,new_turtle,t_id_d6aYXtor,t_id_qZ0iZYsC,new_turtle,t_id_d6aYXtor
177,ID_DR7RLF1H,new_turtle,t_id_d6aYXtor,t_id_qZ0iZYsC,new_turtle,t_id_d6aYXtor
178,ID_9QND2AON,new_turtle,t_id_d6aYXtor,t_id_qZ0iZYsC,new_turtle,t_id_d6aYXtor
179,ID_R5COBBSG,new_turtle,t_id_d6aYXtor,t_id_qZ0iZYsC,new_turtle,t_id_d6aYXtor
180,ID_QDHDL1ZI,new_turtle,t_id_d6aYXtor,t_id_qZ0iZYsC,new_turtle,t_id_d6aYXtor
181,ID_77FA2BXL,new_turtle,t_id_d6aYXtor,t_id_qZ0iZYsC,new_turtle,t_id_d6aYXtor
182,ID_VKZT59BA,new_turtle,t_id_d6aYXtor,t_id_qZ0iZYsC,new_turtle,t_id_d6aYXtor
183,ID_2AOPH31T,new_turtle,t_id_d6aYXtor,t_id_qZ0iZYsC,new_turtle,t_id_d6aYXtor
184,ID_RCTYREJM,new_turtle,t_id_d6aYXtor,t_id_qZ0iZYsC,new_turtle,t_id_d6aYXtor
185,ID_V1EQYX65,new_turtle,t_id_d6aYXtor,t_id_qZ0iZYsC,new_turtle,t_id_d6aYXtor
186,ID_DUFNE5I9,new_turtle,t_id_d6aYXtor,t_id_qZ0iZYsC,new_turtle,t_id_d6aYXtor
187,ID_W0T2O0DI,new_turtle,t_id_d6aYXtor,t_id_qZ0iZYsC,new_turtle,t_id_d6aYXtor
188,ID_8MAO3GOU,new_turtle,t_id_d6aYXtor,t_id_qZ0iZYsC,new_turtle,t_id_d6aYXtor
189,ID_CT9ZIPJP,new_turtle,t_id_d6aYXtor,t_id_qZ0iZYsC,new_turtle,t_id_d6aYXtor
190,ID_1WLLDTXF,new_turtle,t_id_d6aYXtor,t_id_qZ0iZYsC,new_turtle,t_id_d6aYXtor
191,ID_485U3CW0,new_turtle,t_id_d6aYXtor,t_id_qZ0iZYsC,new_turtle,t_id_d6aYXtor
192,ID_ARU8S98N,new_turtle,t_id_d6aYXtor,t_id_qZ0iZYsC,new_turtle,t_id_d6aYXtor
193,ID_M8NJJ7UG,new_turtle,t_id_d6aYXtor,t_id_qZ0iZYsC,new_turtle,t_id_d6aYXtor
194,ID_PUKS0VXU,new_turtle,t_id_d6aYXtor,t_id_qZ0iZYsC,new_turtle,t_id_d6aYXtor
195,ID_TWY6HA7A,new_turtle,t_id_d6aYXtor,t_id_qZ0iZYsC,new_turtle,t_id_d6aYXtor
196,ID_PONSQLSR,new_turtle,t_id_d6aYXtor,t_id_qZ0iZYsC,new_turtle,t_id_d6aYXtor
197,ID_FG5QI5CL,new_turtle,t_id_d6aYXtor,t_id_qZ0iZYsC,new_turtle,t_id_d6aYXtor
198,ID_ZM5P7VES,new_turtle,t_id_d6aYXtor,t_id_qZ0iZYsC,new_turtle,t_id_d6aYXtor
199,ID_CBMO5MGC,new_turtle,t_id_d6aYXtor,t_id_qZ0iZYsC,new_turtle,t_id_d6aYXtor
200,ID_KEX5Q70L,new_turtle,t_id_d6aYXtor,t_id_qZ0iZYsC,new_turtle,t_id_d6aYXtor
201,ID_696NH65C,new_turtle,t_id_d6aYXtor,t_id_qZ0iZYsC,new_turtle,t_id_d6aYXtor
202,ID_0ZZ106YI,new_turtle,t_id_d6aYXtor,t_id_qZ0iZYsC,new_turtle,t_id_d6aYXtor
203,ID_16C72WY8,new_turtle,t_id_d6aYXtor,t_id_qZ0iZYsC,new_turtle,t_id_d6aYXtor
204,ID_PR7V33YH,new_turtle,t_id_d6aYXtor,t_id_qZ0iZYsC,new_turtle,t_id_d6aYXtor
205,ID_CACHMGD9,new_turtle,t_id_d6aYXtor,t_id_qZ0iZYsC,new_turtle,t_id_d6aYXtor
206,ID_0ZLVZV64,new_turtle,t_id_d6aYXtor,t_id_qZ0iZYsC,new_turtle,t_id_d6aYXtor
207,ID_KMVNCC9D,new_turtle,t_id_d6aYXtor,t_id_qZ0iZYsC,new_turtle,t_id_d6aYXtor
208,ID_A3OLVPPO,new_turtle,t_id_d6aYXtor,t_id_qZ0iZYsC,new_turtle,t_id_d6aYXtor
209,ID_NK0CBMRP,new_turtle,t_id_d6aYXtor,t_id_qZ0iZYsC,new_turtle,t_id_d6aYXtor
210,ID_57GGYVYI,new_turtle,t_id_d6aYXtor,t_id_qZ0iZYsC,new_turtle,t_id_d6aYXtor
211,ID_LB57G1BI,new_turtle,t_id_d6aYXtor,t_id_qZ0iZYsC,new_turtle,t_id_d6aYXtor
212,ID_TLTWZUQ3,new_turtle,t_id_d6aYXtor,t_id_qZ0iZYsC,new_turtle,t_id_d6aYXtor
213,ID_HYRN47J1,new_turtle,t_id_d6aYXtor,t_id_qZ0iZYsC,new_turtle,t_id_d6aYXtor
214,ID_PU73I42Q,new_turtle,t_id_d6aYXtor,t_id_qZ0iZYsC,new_turtle,t_id_d6aYXtor
215,ID_JTTR9MKI,new_turtle,t_id_d6aYXtor,t_id_qZ0iZYsC,new_turtle,t_id_d6aYXtor
216,ID_EFBTDYVD,new_turtle,t_id_d6aYXtor,t_id_qZ0iZYsC,new_turtle,t_id_d6aYXtor
217,ID_9KYFWMCH,new_turtle,t_id_d6aYXtor,t_id_qZ0iZYsC,new_turtle,t_id_d6aYXtor
218,ID_SYT8KTIW,new_turtle,t_id_d6aYXtor,t_id_qZ0iZYsC,new_turtle,t_id_d6aYXtor
219,ID_TS00EHA8,new_turtle,t_id_d6aYXtor,t_id_qZ0iZYsC,new_turtle,t_id_d6aYXtor
220,ID_4EAUPFMG,new_turtle,t_id_d6aYXtor,t_id_qZ0iZYsC,new_turtle,t_id_d6aYXtor
221,ID_81BU1998,new_turtle,t_id_d6aYXtor,t_id_qZ0iZYsC,new_turtle,t_id_d6aYXtor
222,ID_3JOR6PR0,new_turtle,t_id_d6aYXtor,t_id_qZ0iZYsC,new_turtle,t_id_d6aYXtor
223,ID_1QQLOMXJ,new_turtle,t_id_d6aYXtor,t_id_qZ0iZYsC,new_turtle,t_id_d6aYXtor
224,ID_A73I6YZW,new_turtle,t_id_d6aYXtor,t_id_qZ0iZYsC,new_turtle,t_id_d6aYXtor
225,ID_G0W5TY2O,new_turtle,t_id_d6aYXtor,t_id_qZ0iZYsC,new_turtle,t_id_d6aYXtor
226,ID_8JXWOB3O,new_turtle,t_id_d6aYXtor,t_id_qZ0iZYsC,new_turtle,t_id_d6aYXtor
227,ID_0FEWYAAG,new_turtle,t_id_d6aYXtor,t_id_qZ0iZYsC,new_turtle,t_id_d6aYXtor
228,ID_1GRMWQGA,new_turtle,t_id_d6aYXtor,t_id_qZ0iZYsC,new_turtle,t_id_d6aYXtor
229,ID_SJDT6N6D,new_turtle,t_id_d6aYXtor,t_id_qZ0iZYsC,new_turtle,t_id_d6aYXtor
230,ID_9U92NWQ5,new_turtle,t_id_d6aYXtor,t_id_qZ0iZYsC,new_turtle,t_id_d6aYXtor
231,ID_AB2H32O6,new_turtle,t_id_d6aYXtor,t_id_qZ0iZYsC,new_turtle,t_id_d6aYXtor
232,ID_I47HWOM1,new_turtle,t_id_d6aYXtor,t_id_qZ0iZYsC,new_turtle,t_id_d6aYXtor
233,ID_88QW9FDR,new_turtle,t_id_d6aYXtor,t_id_qZ0iZYsC,new_turtle,t_id_d6aYXtor
234,ID_0PMFJ5VC,new_turtle,t_id_d6aYXtor,t_id_qZ0iZYsC,new_turtle,t_id_d6aYXtor
235,ID_EAKP0EF1,new_turtle,t_id_d6aYXtor,t_id_qZ0iZYsC,new_turtle,t_id_d6aYXtor
236,ID_QOTGQA02,new_turtle,t_id_d6aYXtor,t_id_qZ0iZYsC,new_turtle,t_id_d6aYXtor
237,ID_4DYYH9HV,new_turtle,t_id_d6aYXtor,t_id_qZ0iZYsC,new_turtle,t_id_d6aYXtor
238,ID_DN2I9RQU,new_turtle,t_id_d6aYXtor,t_id_qZ0iZYsC,new_turtle,t_id_d6aYXtor
239,ID_R5K59ERA,new_turtle,t_id_d6aYXtor,t_id_qZ0iZYsC,new_turtle,t_id_d6aYXtor
240,ID_8QS8TGHW,new_turtle,t_id_d6aYXtor,t_id_qZ0iZYsC,new_turtle,t_id_d6aYXtor
241,ID_I5KOVDD1,new_turtle,t_id_d6aYXtor,t_id_qZ0iZYsC,new_turtle,t_id_d6aYXtor
242,ID_7VHNLBWW,new_turtle,t_id_d6aYXtor,t_id_qZ0iZYsC,new_turtle,t_id_d6aYXtor
243,ID_3YXBNU0T,new_turtle,t_id_d6aYXtor,t_id_qZ0iZYsC,new_turtle,t_id_d6aYXtor
244,ID_WOIOL1YW,new_turtle,t_id_d6aYXtor,t_id_qZ0iZYsC,new_turtle,t_id_d6aYXtor
245,ID_1I97M6ZJ,new_turtle,t_id_d6aYXtor,t_id_qZ0iZYsC,new_turtle,t_id_d6aYXtor
246,ID_L1PF15TS,new_turtle,t_id_d6aYXtor,t_id_qZ0iZYsC,new_turtle,t_id_d6aYXtor
247,ID_EDTAO694,new_turtle,t_id_d6aYXtor,t_id_qZ0iZYsC,new_turtle,t_id_d6aYXtor
248,ID_0R1CZ413,new_turtle,t_id_d6aYXtor,t_id_qZ0iZYsC,new_turtle,t_id_d6aYXtor
249,ID_SFHBWJA3,new_turtle,t_id_d6aYXtor,t_id_qZ0iZYsC,new_turtle,t_id_d6aYXtor
250,ID_P2H8HAYY,new_turtle,t_id_d6aYXtor,t_id_qZ0iZYsC,new_turtle,t_id_d6aYXtor
251,ID_XNGATTLO,new_turtle,t_id_d6aYXtor,t_id_qZ0iZYsC,new_turtle,t_id_d6aYXtor
252,ID_OXNBG77D,new_turtle,t_id_d6aYXtor,t_id_qZ0iZYsC,new_turtle,t_id_d6aYXtor
253,ID_G0DMMAB3,new_turtle,t_id_d6aYXtor,t_id_qZ0iZYsC,new_turtle,t_id_d6aYXtor
254,ID_XSABZQXX,new_turtle,t_id_d6aYXtor,t_id_qZ0iZYsC,new_turtle,t_id_d6aYXtor
255,ID_1VQC9OXH,new_turtle,t_id_d6aYXtor,t_id_qZ0iZYsC,new_turtle,t_id_d6aYXtor
256,ID_8SG313I0,new_turtle,t_id_d6aYXtor,t_id_qZ0iZYsC,new_turtle,t_id_d6aYXtor
257,ID_M3B6U8J9,new_turtle,t_id_d6aYXtor,t_id_qZ0iZYsC,new_turtle,t_id_d6aYXtor
258,ID_0JPUIV8C,new_turtle,t_id_d6aYXtor,t_id_qZ0iZYsC,new_turtle,t_id_d6aYXtor
259,ID_LZTBKTJ4,new_turtle,t_id_d6aYXtor,t_id_qZ0iZYsC,new_turtle,t_id_d6aYXtor
260,ID_8ZGD76TT,new_turtle,t_id_d6aYXtor,t_id_qZ0iZYsC,new_turtle,t_id_d6aYXtor
261,ID_O5KZVKEI,new_turtle,t_id_d6aYXtor,t_id_qZ0iZYsC,new_turtle,t_id_d6aYXtor
262,ID_6ZPXTS8G,new_turtle,t_id_d6aYXtor,t_id_qZ0iZYsC,new_turtle,t_id_d6aYXtor
263,ID_HY4E3PCO,new_turtle,t_id_d6aYXtor,t_id_qZ0iZYsC,new_turtle,t_id_d6aYXtor
264,ID_MZ0FVYGF,new_turtle,t_id_d6aYXtor,t_id_qZ0iZYsC,new_turtle,t_id_d6aYXtor
265,ID_CSUPCWQZ,new_turtle,t_id_d6aYXtor,t_id_qZ0iZYsC,new_turtle,t_id_d6aYXtor
266,ID_I8TDA321,new_turtle,t_id_d6aYXtor,t_id_qZ0iZYsC,new_turtle,t_id_d6aYXtor
267,ID_NAXYALTB,new_turtle,t_id_d6aYXtor,t_id_qZ0iZYsC,new_turtle,t_id_d6aYXtor
268,ID_LIMHCFVJ,new_turtle,t_id_d6aYXtor,t_id_qZ0iZYsC,new_turtle,t_id_d6aYXtor
269,ID_2DIANDAF,new_turtle,t_id_d6aYXtor,t_id_qZ0iZYsC,new_turtle,t_id_d6aYXtor
270,ID_9USQ0Y9C,new_turtle,t_id_d6aYXtor,t_id_qZ0iZYsC,new_turtle,t_id_d6aYXtor
271,ID_4FLCUHTJ,new_turtle,t_id_d6aYXtor,t_id_qZ0iZYsC,new_turtle,t_id_d6aYXtor
272,ID_IIO719UT,new_turtle,t_id_d6aYXtor,t_id_qZ0iZYsC,new_turtle,t_id_d6aYXtor
273,ID_JRTLBUJG,new_turtle,t_id_d6aYXtor,t_id_qZ0iZYsC,new_turtle,t_id_d6aYXtor
274,ID_CY0ILQNG,new_turtle,t_id_d6aYXtor,t_id_qZ0iZYsC,new_turtle,t_id_d6aYXtor
275,ID_8OGV32FG,new_turtle,t_id_d6aYXtor,t_id_qZ0iZYsC,new_turtle,t_id_d6aYXtor
276,ID_ZIRWMQZI,new_turtle,t_id_d6aYXtor,t_id_qZ0iZYsC,new_turtle,t_id_d6aYXtor
277,ID_3D4NR3LP,new_turtle,t_id_d6aYXtor,t_id_qZ0iZYsC,new_turtle,t_id_d6aYXtor
278,ID_EZRBHGG5,new_turtle,t_id_d6aYXtor,t_id_qZ0iZYsC,new_turtle,t_id_d6aYXtor
279,ID_5A1I80A9,new_turtle,t_id_d6aYXtor,t_id_qZ0iZYsC,new_turtle,t_id_d6aYXtor
280,ID_V1YPDSBS,new_turtle,t_id_d6aYXtor,t_id_qZ0iZYsC,new_turtle,t_id_d6aYXtor
281,ID_IYOKYJOL,new_turtle,t_id_d6aYXtor,t_id_qZ0iZYsC,new_turtle,t_id_d6aYXtor
282,ID_I1UGBAUJ,new_turtle,t_id_d6aYXtor,t_id_qZ0iZYsC,new_turtle,t_id_d6aYXtor
283,ID_V8C9OWTE,new_turtle,t_id_d6aYXtor,t_id_qZ0iZYsC,new_turtle,t_id_d6aYXtor
284,ID_QLXVGBJC,new_turtle,t_id_d6aYXtor,t_id_qZ0iZYsC,new_turtle,t_id_d6aYXtor
285,ID_GD3JUJ1U,new_turtle,t_id_d6aYXtor,t_id_qZ0iZYsC,new_turtle,t_id_d6aYXtor
286,ID_7F9YMMNM,new_turtle,t_id_d6aYXtor,t_id_qZ0iZYsC,new_turtle,t_id_d6aYXtor
287,ID_J21TSO5H,new_turtle,t_id_d6aYXtor,t_id_qZ0iZYsC,new_turtle,t_id_d6aYXtor
288,ID_T0WAKOQS,new_turtle,t_id_d6aYXtor,t_id_qZ0iZYsC,new_turtle,t_id_d6aYXtor
289,ID_WJI7S7RK,new_turtle,t_id_d6aYXtor,t_id_qZ0iZYsC,new_turtle,t_id_d6aYXtor
290,ID_R0SLZ485,new_turtle,t_id_d6aYXtor,t_id_qZ0iZYsC,new_turtle,t_id_d6aYXtor
291,ID_PCW91DZH,new_turtle,t_id_d6aYXtor,t_id_qZ0iZYsC,new_turtle,t_id_d6aYXtor
292,ID_UBQ7W3XI,new_turtle,t_id_d6aYXtor,t_id_qZ0iZYsC,new_turtle,t_id_d6aYXtor
293,ID_NZMXO5D7,new_turtle,t_id_d6aYXtor,t_id_qZ0iZYsC,new_turtle,t_id_d6aYXtor
294,ID_I8AJZV9J,new_turtle,t_id_d6aYXtor,t_id_qZ0iZYsC,new_turtle,t_id_d6aYXtor
295,ID_UGX8AY96,new_turtle,t_id_d6aYXtor,t_id_qZ0iZYsC,new_turtle,t_id_d6aYXtor
296,ID_FQKQBF24,new_turtle,t_id_d6aYXtor,t_id_qZ0iZYsC,new_turtle,t_id_d6aYXtor
297,ID_WGUXKJA9,new_turtle,t_id_d6aYXtor,t_id_qZ0iZYsC,new_turtle,t_id_d6aYXtor
298,ID_9QM1Z4FH,new_turtle,t_id_d6aYXtor,t_id_qZ0iZYsC,new_turtle,t_id_d6aYXtor
299,ID_G1VAX278,new_turtle,t_id_d6aYXtor,t_id_qZ0iZYsC,new_turtle,t_id_d6aYXtor
300,ID_1QZ9V3C6,new_turtle,t_id_d6aYXtor,t_id_qZ0iZYsC,new_turtle,t_id_d6aYXtor
301,ID_LBRQU9F4,new_turtle,t_id_d6aYXtor,t_id_qZ0iZYsC,new_turtle,t_id_d6aYXtor
302,ID_KC7MMGQZ,new_turtle,t_id_d6aYXtor,t_id_qZ0iZYsC,new_turtle,t_id_d6aYXtor
303,ID_27D1FDUE,new_turtle,t_id_d6aYXtor,t_id_qZ0iZYsC,new_turtle,t_id_d6aYXtor
304,ID_S8GF3S6B,new_turtle,t_id_d6aYXtor,t_id_qZ0iZYsC,new_turtle,t_id_d6aYXtor
305,ID_G5S2G6IF,new_turtle,t_id_d6aYXtor,t_id_qZ0iZYsC,new_turtle,t_id_d6aYXtor
306,ID_GB6204PA,new_turtle,t_id_d6aYXtor,t_id_qZ0iZYsC,new_turtle,t_id_d6aYXtor
307,ID_SDQ4JSBE,new_turtle,t_id_d6aYXtor,t_id_qZ0iZYsC,new_turtle,t_id_d6aYXtor
308,ID_X2YOA9CP,new_turtle,t_id_d6aYXtor,t_id_qZ0iZYsC,new_turtle,t_id_d6aYXtor
309,ID_MJ1YO8HC,new_turtle,t_id_d6aYXtor,t_id_qZ0iZYsC,new_turtle,t_id_d6aYXtor
310,ID_EANV0XFO,new_turtle,t_id_d6aYXtor,t_id_qZ0iZYsC,new_turtle,t_id_d6aYXtor
311,ID_QGA22C67,new_turtle,t_id_d6aYXtor,t_id_qZ0iZYsC,new_turtle,t_id_d6aYXtor
312,ID_KRLNSNPQ,new_turtle,t_id_d6aYXtor,t_id_qZ0iZYsC,new_turtle,t_id_d6aYXtor
313,ID_3TMKJ7UO,new_turtle,t_id_d6aYXtor,t_id_qZ0iZYsC,new_turtle,t_id_d6aYXtor
314,ID_Y1JSLBRW,new_turtle,t_id_d6aYXtor,t_id_qZ0iZYsC,new_turtle,t_id_d6aYXtor
315,ID_67RTWS1G,new_turtle,t_id_d6aYXtor,t_id_qZ0iZYsC,new_turtle,t_id_d6aYXtor
316,ID_WKA4JRLO,new_turtle,t_id_d6aYXtor,t_id_qZ0iZYsC,new_turtle,t_id_d6aYXtor
317,ID_IJK84ZVF,new_turtle,t_id_d6aYXtor,t_id_qZ0iZYsC,new_turtle,t_id_d6aYXtor
318,ID_CGDFMY8F,new_turtle,t_id_d6aYXtor,t_id_qZ0iZYsC,new_turtle,t_id_d6aYXtor
319,ID_SFTMYU43,new_turtle,t_id_d6aYXtor,t_id_qZ0iZYsC,new_turtle,t_id_d6aYXtor
320,ID_UOBVL0OG,new_turtle,t_id_d6aYXtor,t_id_qZ0iZYsC,new_turtle,t_id_d6aYXtor
321,ID_ETGWDJAF,new_turtle,t_id_d6aYXtor,t_id_qZ0iZYsC,new_turtle,t_id_d6aYXtor
322,ID_39AK3C6W,new_turtle,t_id_d6aYXtor,t_id_qZ0iZYsC,new_turtle,t_id_d6aYXtor
323,ID_N63KO8Q5,new_turtle,t_id_d6aYXtor,t_id_qZ0iZYsC,new_turtle,t_id_d6aYXtor
324,ID_MPPP5DIP,new_turtle,t_id_d6aYXtor,t_id_qZ0iZYsC,new_turtle,t_id_d6aYXtor
325,ID_YX21M6GH,new_turtle,t_id_d6aYXtor,t_id_qZ0iZYsC,new_turtle,t_id_d6aYXtor
326,ID_DIV0ZAFE,new_turtle,t_id_d6aYXtor,t_id_qZ0iZYsC,new_turtle,t_id_d6aYXtor
327,ID_J78H8CV0,new_turtle,t_id_d6aYXtor,t_id_qZ0iZYsC,new_turtle,t_id_d6aYXtor
328,ID_O6MDGOY5,new_turtle,t_id_d6aYXtor,t_id_qZ0iZYsC,new_turtle,t_id_d6aYXtor
329,ID_CBV2UV0N,new_turtle,t_id_d6aYXtor,t_id_qZ0iZYsC,new_turtle,t_id_d6aYXtor
330,ID_FTN7Q9KK,new_turtle,t_id_d6aYXtor,t_id_qZ0iZYsC,new_turtle,t_id_d6aYXtor
331,ID_DR85U462,new_turtle,t_id_d6aYXtor,t_id_qZ0iZYsC,new_turtle,t_id_d6aYXtor
332,ID_FG0YB293,new_turtle,t_id_d6aYXtor,t_id_qZ0iZYsC,new_turtle,t_id_d6aYXtor
333,ID_3QP1M0SV,new_turtle,t_id_d6aYXtor,t_id_qZ0iZYsC,new_turtle,t_id_d6aYXtor
334,ID_RVIXW7WD,new_turtle,t_id_d6aYXtor,t_id_qZ0iZYsC,new_turtle,t_id_d6aYXtor
335,ID_2SRMHDMB,new_turtle,t_id_d6aYXtor,t_id_qZ0iZYsC,new_turtle,t_id_d6aYXtor
336,ID_ULWJ1QQO,new_turtle,t_id_d6aYXtor,t_id_qZ0iZYsC,new_turtle,t_id_d6aYXtor
337,ID_Z5ZAAK4C,new_turtle,t_id_d6aYXtor,t_id_qZ0iZYsC,new_turtle,t_id_d6aYXtor
338,ID_OYQRHE05,new_turtle,t_id_d6aYXtor,t_id_qZ0iZYsC,new_turtle,t_id_d6aYXtor
339,ID_6TJ1T9M6,new_turtle,t_id_d6aYXtor,t_id_qZ0iZYsC,new_turtle,t_id_d6aYXtor
340,ID_YLQGSM8R,new_turtle,t_id_d6aYXtor,t_id_qZ0iZYsC,new_turtle,t_id_d6aYXtor
341,ID_UH6YW0Y2,new_turtle,t_id_d6aYXtor,t_id_qZ0iZYsC,new_turtle,t_id_d6aYXtor
342,ID_S7ZI1OWP,new_turtle,t_id_d6aYXtor,t_id_qZ0iZYsC,new_turtle,t_id_d6aYXtor
343,ID_XIRJX5NH,new_turtle,t_id_d6aYXtor,t_id_qZ0iZYsC,new_turtle,t_id_d6aYXtor
344,ID_AHNWHYH0,new_turtle,t_id_d6aYXtor,t_id_qZ0iZYsC,new_turtle,t_id_d6aYXtor
345,ID_I4RD06S5,new_turtle,t_id_d6aYXtor,t_id_qZ0iZYsC,new_turtle,t_id_d6aYXtor
346,ID_MXNZD6KM,new_turtle,t_id_d6aYXtor,t_id_qZ0iZYsC,new_turtle,t_id_d6aYXtor
347,ID_PGWDV5W2,new_turtle,t_id_d6aYXtor,t_id_qZ0iZYsC,new_turtle,t_id_d6aYXtor
348,ID_YM9782TT,new_turtle,t_id_d6aYXtor,t_id_qZ0iZYsC,new_turtle,t_id_d6aYXtor
349,ID_LXAS710U,new_turtle,t_id_d6aYXtor,t_id_qZ0iZYsC,new_turtle,t_id_d6aYXtor
350,ID_S3Z30L53,new_turtle,t_id_d6aYXtor,t_id_qZ0iZYsC,new_turtle,t_id_d6aYXtor
351,ID_Z7JF79I1,new_turtle,t_id_d6aYXtor,t_id_qZ0iZYsC,new_turtle,t_id_d6aYXtor
352,ID_L1GPVDW1,new_turtle,t_id_d6aYXtor,t_id_qZ0iZYsC,new_turtle,t_id_d6aYXtor
353,ID_HI0A8M9M,new_turtle,t_id_d6aYXtor,t_id_qZ0iZYsC,new_turtle,t_id_d6aYXtor
354,ID_8DNWZF53,new_turtle,t_id_d6aYXtor,t_id_qZ0iZYsC,new_turtle,t_id_d6aYXtor
355,ID_BNL4NFX6,new_turtle,t_id_d6aYXtor,t_id_qZ0iZYsC,new_turtle,t_id_d6aYXtor
356,ID_ETURMLYT,new_turtle,t_id_d6aYXtor,t_id_qZ0iZYsC,new_turtle,t_id_d6aYXtor
357,ID_3HOF2LHI,new_turtle,t_id_d6aYXtor,t_id_qZ0iZYsC,new_turtle,t_id_d6aYXtor
358,ID_PGSEOC9T,new_turtle,t_id_d6aYXtor,t_id_qZ0iZYsC,new_turtle,t_id_d6aYXtor
359,ID_ZLTVLT00,new_turtle,t_id_d6aYXtor,t_id_qZ0iZYsC,new_turtle,t_id_d6aYXtor
360,ID_92E3YP62,new_turtle,t_id_d6aYXtor,t_id_qZ0iZYsC,new_turtle,t_id_d6aYXtor
361,ID_BG5PSJ90,new_turtle,t_id_d6aYXtor,t_id_qZ0iZYsC,new_turtle,t_id_d6aYXtor
362,ID_B5ZX1OZ8,new_turtle,t_id_d6aYXtor,t_id_qZ0iZYsC,new_turtle,t_id_d6aYXtor
363,ID_NBBH0WWD,new_turtle,t_id_d6aYXtor,t_id_qZ0iZYsC,new_turtle,t_id_d6aYXtor
364,ID_BW04T8ZD,new_turtle,t_id_d6aYXtor,t_id_qZ0iZYsC,new_turtle,t_id_d6aYXtor
365,ID_52NCW5OF,new_turtle,t_id_d6aYXtor,t_id_qZ0iZYsC,new_turtle,t_id_d6aYXtor
366,ID_TQ4VFUVU,new_turtle,t_id_d6aYXtor,t_id_qZ0iZYsC,new_turtle,t_id_d6aYXtor
367,ID_TTK3BI30,new_turtle,t_id_d6aYXtor,t_id_qZ0iZYsC,new_turtle,t_id_d6aYXtor
368,ID_7VAHR2AZ,new_turtle,t_id_d6aYXtor,t_id_qZ0iZYsC,new_turtle,t_id_d6aYXtor
369,ID_CM94F8M8,new_turtle,t_id_d6aYXtor,t_id_qZ0iZYsC,new_turtle,t_id_d6aYXtor
370,ID_VB19RNO2,new_turtle,t_id_d6aYXtor,t_id_qZ0iZYsC,new_turtle,t_id_d6aYXtor
371,ID_G310RDY8,new_turtle,t_id_d6aYXtor,t_id_qZ0iZYsC,new_turtle,t_id_d6aYXtor
372,ID_HFH87WNJ,new_turtle,t_id_d6aYXtor,t_id_qZ0iZYsC,new_turtle,t_id_d6aYXtor
373,ID_36WYUS1Y,new_turtle,t_id_d6aYXtor,t_id_qZ0iZYsC,new_turtle,t_id_d6aYXtor
374,ID_VI00UJNO,new_turtle,t_id_d6aYXtor,t_id_qZ0iZYsC,new_turtle,t_id_d6aYXtor
375,ID_310S9R4H,new_turtle,t_id_d6aYXtor,t_id_qZ0iZYsC,new_turtle,t_id_d6aYXtor
376,ID_7MWWWXAE,new_turtle,t_id_d6aYXtor,t_id_qZ0iZYsC,new_turtle,t_id_d6aYXtor
377,ID_39S2TVXS,new_turtle,t_id_d6aYXtor,t_id_qZ0iZYsC,new_turtle,t_id_d6aYXtor
378,ID_1QD3CYJJ,new_turtle,t_id_d6aYXtor,t_id_qZ0iZYsC,new_turtle,t_id_d6aYXtor
379,ID_W2VRV6I6,new_turtle,t_id_d6aYXtor,t_id_qZ0iZYsC,new_turtle,t_id_d6aYXtor
380,ID_0G5XPLOI,new_turtle,t_id_d6aYXtor,t_id_qZ0iZYsC,new_turtle,t_id_d6aYXtor
381,ID_29EXX43U,new_turtle,t_id_d6aYXtor,t_id_qZ0iZYsC,new_turtle,t_id_d6aYXtor
382,ID_40IVJYN9,new_turtle,t_id_d6aYXtor,t_id_qZ0iZYsC,new_turtle,t_id_d6aYXtor
383,ID_4D70I24L,new_turtle,t_id_d6aYXtor,t_id_qZ0iZYsC,new_turtle,t_id_d6aYXtor
384,ID_JEN9XQ8T,new_turtle,t_id_d6aYXtor,t_id_qZ0iZYsC,new_turtle,t_id_d6aYXtor
385,ID_1C2IOPP2,new_turtle,t_id_d6aYXtor,t_id_qZ0iZYsC,new_turtle,t_id_d6aYXtor
386,ID_64954F4Y,new_turtle,t_id_d6aYXtor,t_id_qZ0iZYsC,new_turtle,t_id_d6aYXtor
387,ID_NLPH35PZ,new_turtle,t_id_d6aYXtor,t_id_qZ0iZYsC,new_turtle,t_id_d6aYXtor
388,ID_Z4557RZR,new_turtle,t_id_d6aYXtor,t_id_qZ0iZYsC,new_turtle,t_id_d6aYXtor
389,ID_HTABWK50,new_turtle,t_id_d6aYXtor,t_id_qZ0iZYsC,new_turtle,t_id_d6aYXtor
390,ID_HOIQH0RE,new_turtle,t_id_d6aYXtor,t_id_qZ0iZYsC,new_turtle,t_id_d6aYXtor
391,ID_3F9DGTHR,new_turtle,t_id_d6aYXtor,t_id_qZ0iZYsC,new_turtle,t_id_d6aYXtor
392,ID_4V2X1HHM,new_turtle,t_id_d6aYXtor,t_id_qZ0iZYsC,new_turtle,t_id_d6aYXtor
393,ID_4XE7Z3TB,new_turtle,t_id_d6aYXtor,t_id_qZ0iZYsC,new_turtle,t_id_d6aYXtor
394,ID_S21KQ3LT,new_turtle,t_id_d6aYXtor,t_id_qZ0iZYsC,new_turtle,t_id_d6aYXtor
395,ID_UIM7VXDN,new_turtle,t_id_d6aYXtor,t_id_qZ0iZYsC,new_turtle,t_id_d6aYXtor
396,ID_6LPZ60PN,new_turtle,t_id_d6aYXtor,t_id_qZ0iZYsC,new_turtle,t_id_d6aYXtor
397,ID_SXKCXBM2,new_turtle,t_id_d6aYXtor,t_id_qZ0iZYsC,new_turtle,t_id_d6aYXtor
398,ID_2VBB1CZC,new_turtle,t_id_d6aYXtor,t_id_qZ0iZYsC,new_turtle,t_id_d6aYXtor
399,ID_T8KZ2XNK,new_turtle,t_id_d6aYXtor,t_id_qZ0iZYsC,new_turtle,t_id_d6aYXtor
400,ID_BU3U6T7J,new_turtle,t_id_d6aYXtor,t_id_qZ0iZYsC,new_turtle,t_id_d6aYXtor
401,ID_XU2KRN9K,new_turtle,t_id_d6aYXtor,t_id_qZ0iZYsC,new_turtle,t_id_d6aYXtor
402,ID_J53QMCMV,new_turtle,t_id_d6aYXtor,t_id_qZ0iZYsC,new_turtle,t_id_d6aYXtor
403,ID_Z92905LB,new_turtle,t_id_d6aYXtor,t_id_qZ0iZYsC,new_turtle,t_id_d6aYXtor
404,ID_7HZIUHFW,new_turtle,t_id_d6aYXtor,t_id_qZ0iZYsC,new_turtle,t_id_d6aYXtor
405,ID_NEOUAOLF,new_turtle,t_id_d6aYXtor,t_id_qZ0iZYsC,new_turtle,t_id_d6aYXtor
406,ID_QCMQ1C6B,new_turtle,t_id_d6aYXtor,t_id_qZ0iZYsC,new_turtle,t_id_d6aYXtor
407,ID_R9P29DNH,new_turtle,t_id_d6aYXtor,t_id_qZ0iZYsC,new_turtle,t_id_d6aYXtor
408,ID_UOZSRWRK,new_turtle,t_id_d6aYXtor,t_id_qZ0iZYsC,new_turtle,t_id_d6aYXtor
409,ID_7KV2BNYN,new_turtle,t_id_d6aYXtor,t_id_qZ0iZYsC,new_turtle,t_id_d6aYXtor
410,ID_2R3189P4,new_turtle,t_id_d6aYXtor,t_id_qZ0iZYsC,new_turtle,t_id_d6aYXtor
411,ID_JS3VKHBR,new_turtle,t_id_d6aYXtor,t_id_qZ0iZYsC,new_turtle,t_id_d6aYXtor
412,ID_YQ21M71Q,new_turtle,t_id_d6aYXtor,t_id_qZ0iZYsC,new_turtle,t_id_d6aYXtor
413,ID_6E5B35TW,new_turtle,t_id_d6aYXtor,t_id_qZ0iZYsC,new_turtle,t_id_d6aYXtor
414,ID_JBF2JN7U,new_turtle,t_id_d6aYXtor,t_id_qZ0iZYsC,new_turtle,t_id_d6aYXtor
415,ID_XNF9I8RF,new_turtle,t_id_d6aYXtor,t_id_qZ0iZYsC,new_turtle,t_id_d6aYXtor
416,ID_YQZE6YD5,new_turtle,t_id_d6aYXtor,t_id_qZ0iZYsC,new_turtle,t_id_d6aYXtor
417,ID_5MCBLFFZ,new_turtle,t_id_d6aYXtor,t_id_qZ0iZYsC,new_turtle,t_id_d6aYXtor
418,ID_MNYC27JW,new_turtle,t_id_d6aYXtor,t_id_qZ0iZYsC,new_turtle,t_id_d6aYXtor
419,ID_LBM7L3Y2,new_turtle,t_id_d6aYXtor,t_id_qZ0iZYsC,new_turtle,t_id_d6aYXtor
420,ID_QTQPP39F,new_turtle,t_id_d6aYXtor,t_id_qZ0iZYsC,new_turtle,t_id_d6aYXtor
421,ID_DTOB4CU6,new_turtle,t_id_d6aYXtor,t_id_qZ0iZYsC,new_turtle,t_id_d6aYXtor
422,ID_GBQJDCEF,new_turtle,t_id_d6aYXtor,t_id_qZ0iZYsC,new_turtle,t_id_d6aYXtor
423,ID_HTTD8AAP,new_turtle,t_id_d6aYXtor,t_id_qZ0iZYsC,new_turtle,t_id_d6aYXtor
424,ID_MMR65A9I,new_turtle,t_id_d6aYXtor,t_id_qZ0iZYsC,new_turtle,t_id_d6aYXtor
425,ID_BAPD7HFN,new_turtle,t_id_d6aYXtor,t_id_qZ0iZYsC,new_turtle,t_id_d6aYXtor
426,ID_5QFXBSK1,new_turtle,t_id_d6aYXtor,t_id_qZ0iZYsC,new_turtle,t_id_d6aYXtor
427,ID_FBZVJ9F7,new_turtle,t_id_d6aYXtor,t_id_qZ0iZYsC,new_turtle,t_id_d6aYXtor
428,ID_AZ68JU25,new_turtle,t_id_d6aYXtor,t_id_qZ0iZYsC,new_turtle,t_id_d6aYXtor
429,ID_3DDH689Y,new_turtle,t_id_d6aYXtor,t_id_qZ0iZYsC,new_turtle,t_id_d6aYXtor
430,ID_ZMV66T7A,new_turtle,t_id_d6aYXtor,t_id_qZ0iZYsC,new_turtle,t_id_d6aYXtor
431,ID_9C9VZEZ6,new_turtle,t_id_d6aYXtor,t_id_qZ0iZYsC,new_turtle,t_id_d6aYXtor
432,ID_Q5ZX99KY,new_turtle,t_id_d6aYXtor,t_id_qZ0iZYsC,new_turtle,t_id_d6aYXtor
433,ID_VWYAT5CT,new_turtle,t_id_d6aYXtor,t_id_qZ0iZYsC,new_turtle,t_id_d6aYXtor
434,ID_SW2Q9XST,new_turtle,t_id_d6aYXtor,t_id_qZ0iZYsC,new_turtle,t_id_d6aYXtor
435,ID_WH61TU07,new_turtle,t_id_d6aYXtor,t_id_qZ0iZYsC,new_turtle,t_id_d6aYXtor
436,ID_5YOITJXI,new_turtle,t_id_d6aYXtor,t_id_qZ0iZYsC,new_turtle,t_id_d6aYXtor
437,ID_UKJFMIQS,new_turtle,t_id_d6aYXtor,t_id_qZ0iZYsC,new_turtle,t_id_d6aYXtor
438,ID_2YVTHHDU,new_turtle,t_id_d6aYXtor,t_id_qZ0iZYsC,new_turtle,t_id_d6aYXtor
439,ID_DWHU2DJV,new_turtle,t_id_d6aYXtor,t_id_qZ0iZYsC,new_turtle,t_id_d6aYXtor
440,ID_50KXLLPO,new_turtle,t_id_d6aYXtor,t_id_qZ0iZYsC,new_turtle,t_id_d6aYXtor
441,ID_QON5CVDD,new_turtle,t_id_d6aYXtor,t_id_qZ0iZYsC,new_turtle,t_id_d6aYXtor
442,ID_M3EA8WF0,new_turtle,t_id_d6aYXtor,t_id_qZ0iZYsC,new_turtle,t_id_d6aYXtor
443,ID_EYPXTVQG,new_turtle,t_id_d6aYXtor,t_id_qZ0iZYsC,new_turtle,t_id_d6aYXtor
444,ID_O3UNWHQF,new_turtle,t_id_d6aYXtor,t_id_qZ0iZYsC,new_turtle,t_id_d6aYXtor
445,ID_IIRVUXL1,new_turtle,t_id_d6aYXtor,t_id_qZ0iZYsC,new_turtle,t_id_d6aYXtor
446,ID_327SPUHU,new_turtle,t_id_d6aYXtor,t_id_qZ0iZYsC,new_turtle,t_id_d6aYXtor
447,ID_04DSD8ZP,new_turtle,t_id_d6aYXtor,t_id_qZ0iZYsC,new_turtle,t_id_d6aYXtor
448,ID_IH3SF328,new_turtle,t_id_d6aYXtor,t_id_qZ0iZYsC,new_turtle,t_id_d6aYXtor
449,ID_UYRUCXRY,new_turtle,t_id_d6aYXtor,t_id_qZ0iZYsC,new_turtle,t_id_d6aYXtor
450,ID_5L9I1181,new_turtle,t_id_d6aYXtor,t_id_qZ0iZYsC,new_turtle,t_id_d6aYXtor
451,ID_0X8BLZE2,new_turtle,t_id_d6aYXtor,t_id_qZ0iZYsC,new_turtle,t_id_d6aYXtor
452,ID_7OJYXUW9,new_turtle,t_id_d6aYXtor,t_id_qZ0iZYsC,new_turtle,t_id_d6aYXtor
453,ID_E3O7DM07,new_turtle,t_id_d6aYXtor,t_id_qZ0iZYsC,new_turtle,t_id_d6aYXtor
454,ID_CF47BBHY,new_turtle,t_id_d6aYXtor,t_id_qZ0iZYsC,new_turtle,t_id_d6aYXtor
455,ID_LZHYRJLG,new_turtle,t_id_d6aYXtor,t_id_qZ0iZYsC,new_turtle,t_id_d6aYXtor
456,ID_VIDYX36G,new_turtle,t_id_d6aYXtor,t_id_qZ0iZYsC,new_turtle,t_id_d6aYXtor
457,ID_XJPQ1SUH,new_turtle,t_id_d6aYXtor,t_id_qZ0iZYsC,new_turtle,t_id_d6aYXtor
458,ID_1QNBFJ6G,new_turtle,t_id_d6aYXtor,t_id_qZ0iZYsC,new_turtle,t_id_d6aYXtor
459,ID_YZ3HZD7O,new_turtle,t_id_d6aYXtor,t_id_qZ0iZYsC,new_turtle,t_id_d6aYXtor
460,ID_OEEA273Q,new_turtle,t_id_d6aYXtor,t_id_qZ0iZYsC,new_turtle,t_id_d6aYXtor
461,ID_GBPQLHX6,new_turtle,t_id_d6aYXtor,t_id_qZ0iZYsC,new_turtle,t_id_d6aYXtor
462,ID_DPBQHVWG,new_turtle,t_id_d6aYXtor,t_id_qZ0iZYsC,new_turtle,t_id_d6aYXtor
463,ID_15CKMYLQ,new_turtle,t_id_d6aYXtor,t_id_qZ0iZYsC,new_turtle,t_id_d6aYXtor
464,ID_KA8QLCZY,new_turtle,t_id_d6aYXtor,t_id_qZ0iZYsC,new_turtle,t_id_d6aYXtor
465,ID_1M2IDQRP,new_turtle,t_id_d6aYXtor,t_id_qZ0iZYsC,new_turtle,t_id_d6aYXtor
466,ID_PZO51CHH,new_turtle,t_id_d6aYXtor,t_id_qZ0iZYsC,new_turtle,t_id_d6aYXtor
467,ID_QVRWHL2B,new_turtle,t_id_d6aYXtor,t_id_qZ0iZYsC,new_turtle,t_id_d6aYXtor
468,ID_K3U05V92,new_turtle,t_id_d6aYXtor,t_id_qZ0iZYsC,new_turtle,t_id_d6aYXtor
469,ID_XAIWRZ7F,new_turtle,t_id_d6aYXtor,t_id_qZ0iZYsC,new_turtle,t_id_d6aYXtor
470,ID_C0LZKLIO,new_turtle,t_id_d6aYXtor,t_id_qZ0iZYsC,new_turtle,t_id_d6aYXtor
471,ID_UQGYG3J2,new_turtle,t_id_d6aYXtor,t_id_qZ0iZYsC,new_turtle,t_id_d6aYXtor
472,ID_ZXB8UFLV,new_turtle,t_id_d6aYXtor,t_id_qZ0iZYsC,new_turtle,t_id_d6aYXtor
473,ID_Q5CEH2QJ,new_turtle,t_id_d6aYXtor,t_id_qZ0iZYsC,new_turtle,t_id_d6aYXtor
474,ID_SB66VEQ2,new_turtle,t_id_d6aYXtor,t_id_qZ0iZYsC,new_turtle,t_id_d6aYXtor
475,ID_FIJTL3U4,new_turtle,t_id_d6aYXtor,t_id_qZ0iZYsC,new_turtle,t_id_d6aYXtor
476,ID_YK0XBRPG,new_turtle,t_id_d6aYXtor,t_id_qZ0iZYsC,new_turtle,t_id_d6aYXtor
477,ID_4EMWO90D,new_turtle,t_id_d6aYXtor,t_id_qZ0iZYsC,new_turtle,t_id_d6aYXtor
478,ID_9HSZRTNP,new_turtle,t_id_d6aYXtor,t_id_qZ0iZYsC,new_turtle,t_id_d6aYXtor
479,ID_Q94QNJ2U,new_turtle,t_id_d6aYXtor,t_id_qZ0iZYsC,new_turtle,t_id_d6aYXtor
480,ID_1J2Q76LB,new_turtle,t_id_d6aYXtor,t_id_qZ0iZYsC,new_turtle,t_id_d6aYXtor
481,ID_Q3V3YG96,new_turtle,t_id_d6aYXtor,t_id_qZ0iZYsC,new_turtle,t_id_d6aYXtor
482,ID_D8E6TH8Y,new_turtle,t_id_d6aYXtor,t_id_qZ0iZYsC,new_turtle,t_id_d6aYXtor
483,ID_YJRDKTLI,new_turtle,t_id_d6aYXtor,t_id_qZ0iZYsC,new_turtle,t_id_d6aYXtor
484,ID_BM6EA9OY,new_turtle,t_id_d6aYXtor,t_id_qZ0iZYsC,new_turtle,t_id_d6aYXtor
485,ID_0RVNUKK1,new_turtle,t_id_d6aYXtor,t_id_qZ0iZYsC,new_turtle,t_id_d6aYXtor
486,ID_6405IKG3,new_turtle,t_id_d6aYXtor,t_id_qZ0iZYsC,new_turtle,t_id_d6aYXtor
487,ID_6WVPVB7S,new_turtle,t_id_d6aYXtor,t_id_qZ0iZYsC,new_turtle,t_id_d6aYXtor
488,ID_47C5LL2G,new_turtle,t_id_d6aYXtor,t_id_qZ0iZYsC,new_turtle,t_id_d6aYXtor
489,ID_HZP6EJAK,new_turtle,t_id_d6aYXtor,t_id_qZ0iZYsC,new_turtle,t_id_d6aYXtor
